-- phpMyAdmin SQL Dump
-- version 5.2.1
-- https://www.phpmyadmin.net/
--
-- Servidor: 127.0.0.1
-- Tiempo de generación: 19-02-2026 a las 16:09:24
-- Versión del servidor: 10.4.32-MariaDB
-- Versión de PHP: 8.2.12

SET SQL_MODE = "NO_AUTO_VALUE_ON_ZERO";
START TRANSACTION;
SET time_zone = "+00:00";


/*!40101 SET @OLD_CHARACTER_SET_CLIENT=@@CHARACTER_SET_CLIENT */;
/*!40101 SET @OLD_CHARACTER_SET_RESULTS=@@CHARACTER_SET_RESULTS */;
/*!40101 SET @OLD_COLLATION_CONNECTION=@@COLLATION_CONNECTION */;
/*!40101 SET NAMES utf8mb4 */;

--
-- Base de datos: `hoteel`
--

-- --------------------------------------------------------

--
-- Estructura de tabla para la tabla `atencion`
--

CREATE TABLE `atencion` (
  `id_atencion` int(11) NOT NULL,
  `id_reserva` int(11) NOT NULL,
  `id_empleado` int(11) NOT NULL,
  `fecha` date NOT NULL,
  `nota` varchar(200) NOT NULL
) ENGINE=InnoDB DEFAULT CHARSET=utf8mb4 COLLATE=utf8mb4_general_ci;

--
-- Volcado de datos para la tabla `atencion`
--

INSERT INTO `atencion` (`id_atencion`, `id_reserva`, `id_empleado`, `fecha`, `nota`) VALUES
(1, 3, 3, '2026-04-02', 'Excelente servicio, aun que la muchacha era medio distraída.'),
(2, 4, 4, '2026-03-19', 'No me gustó su servicio, andaba se confianzudo y me hizo sentir incómoda. Eso sí, era bien chistoso.'),
(3, 1, 2, '2026-06-12', 'Buen servicio.'),
(4, 9, 1, '2026-05-08', 'Muy amable la gerente regional asistente, nomas que sí me incomodaron un poco sus bromas. '),
(5, 2, 5, '2026-07-10', 'Muy amable, muy buen servicio. <3');

-- --------------------------------------------------------

--
-- Estructura de tabla para la tabla `cliente`
--

CREATE TABLE `cliente` (
  `id_cliente` int(11) NOT NULL,
  `nombre` varchar(100) NOT NULL,
  `email` varchar(100) NOT NULL,
  `telefono` varchar(15) NOT NULL,
  `fecha_registro` date NOT NULL
) ENGINE=InnoDB DEFAULT CHARSET=utf8mb4 COLLATE=utf8mb4_general_ci;

--
-- Volcado de datos para la tabla `cliente`
--

INSERT INTO `cliente` (`id_cliente`, `nombre`, `email`, `telefono`, `fecha_registro`) VALUES
(1, 'Kenneth Gael Cárdenas Gastélum', 'kenneth.cardenas24@cetis107.edu.mx', '667 420 2438', '2026-04-10'),
(2, 'Rubí López Rubio', 'rubi.lopez@cetis107.edu.mx', '667 436 3615', '2026-06-02'),
(3, 'Camila Anahy Beltrán Gastélum', 'camila.beltrang24@cetis107.edu.mx', '667 161 8004', '2026-06-02'),
(4, 'Israel Osorio Gastélum', 'israel.osorio24@cetis107.edu.mx', '667 525 8211', '2026-10-09'),
(5, 'Renata Soto Serrano', 'renata.soto24@cetis107', '667 346 2454', '2026-08-14');

-- --------------------------------------------------------

--
-- Estructura de tabla para la tabla `empleado`
--

CREATE TABLE `empleado` (
  `id_empleado` int(11) NOT NULL,
  `id_hotel` int(11) NOT NULL,
  `nombre` varchar(50) NOT NULL,
  `puesto` varchar(50) NOT NULL,
  `email` varchar(50) NOT NULL
) ENGINE=InnoDB DEFAULT CHARSET=utf8mb4 COLLATE=utf8mb4_general_ci;

--
-- Volcado de datos para la tabla `empleado`
--

INSERT INTO `empleado` (`id_empleado`, `id_hotel`, `nombre`, `puesto`, `email`) VALUES
(1, 2, 'Danna Sofía Carrillo Quizán', 'Gerente Regional Asistente', 'danna.carrillo24@cetis107.edu.mx'),
(2, 1, 'Camila Anahy Beltrán Gastélum', 'Gerente', 'camila.beltrang24@cetis107.edu.mx'),
(3, 3, 'Abigail Cerda Serrano', 'Director general.', 'abigail.cerda24@cetis107.edu.mx'),
(4, 1, 'Axel Rosales López.', 'Recursos humanos.', 'axel.rosales@cetis107.edu.mx'),
(5, 1, 'Rubí López Rubio', 'Recursos humanos.', 'rubi.lopez24@cetis107.edu.mx');

-- --------------------------------------------------------

--
-- Estructura de tabla para la tabla `habitación`
--

CREATE TABLE `habitación` (
  `id_habitacion` int(11) NOT NULL,
  `id_hotel` int(11) NOT NULL,
  `numero` int(11) NOT NULL,
  `tipo` varchar(30) NOT NULL,
  `precio_noche` double NOT NULL,
  `estado` varchar(20) NOT NULL
) ENGINE=InnoDB DEFAULT CHARSET=utf8mb4 COLLATE=utf8mb4_general_ci;

--
-- Volcado de datos para la tabla `habitación`
--

INSERT INTO `habitación` (`id_habitacion`, `id_hotel`, `numero`, `tipo`, `precio_noche`, `estado`) VALUES
(1, 2, 143, 'Suite', 1, 'Disponible'),
(2, 3, 7, 'Estándar', 679.99, 'Ocupada'),
(3, 1, 56, 'Doble', 2300.56, 'Ocupado'),
(4, 2, 43, 'Suite deluxe', 1700.45, 'Ocupada'),
(5, 1, 187, 'Suite deluxe', 3500.64, 'Disponible');

-- --------------------------------------------------------

--
-- Estructura de tabla para la tabla `hotel`
--

CREATE TABLE `hotel` (
  `id_hotel` int(11) NOT NULL,
  `nombre` varchar(100) NOT NULL,
  `ciudad` varchar(50) NOT NULL,
  `telefono` varchar(15) NOT NULL
) ENGINE=InnoDB DEFAULT CHARSET=utf8mb4 COLLATE=utf8mb4_general_ci;

--
-- Volcado de datos para la tabla `hotel`
--

INSERT INTO `hotel` (`id_hotel`, `nombre`, `ciudad`, `telefono`) VALUES
(1, 'Laila Hotel Mexico City Reforma', 'CDMX', '55 5242 7750'),
(2, 'Hotel Oceano Palace', 'Mazatlán, Sinaloa.', '669 989 3200'),
(3, 'one Culiacán Forum', 'Culiacán, Sinaloa.', '667 758 0080');

-- --------------------------------------------------------

--
-- Estructura de tabla para la tabla `pago`
--

CREATE TABLE `pago` (
  `id_pago` int(11) NOT NULL,
  `id_reserva` int(11) NOT NULL,
  `fecha_pago` date NOT NULL,
  `monto` double NOT NULL,
  `metodo` varchar(100) NOT NULL,
  `referencias` varchar(300) NOT NULL,
  `estado_pago` varchar(100) NOT NULL
) ENGINE=InnoDB DEFAULT CHARSET=utf8mb4 COLLATE=utf8mb4_general_ci;

--
-- Volcado de datos para la tabla `pago`
--

INSERT INTO `pago` (`id_pago`, `id_reserva`, `fecha_pago`, `monto`, `metodo`, `referencias`, `estado_pago`) VALUES
(1, 3, '2026-06-10', 2299.99, 'Tarjeta.', '143908', 'Recibido.'),
(2, 4, '2026-04-18', 1300, 'Efectivo.', '658243', 'Recibido.'),
(3, 1, '2026-06-13', 3550, 'Tarjeta.', '186390', 'Pendiente.'),
(4, 9, '2026-06-12', 6100, 'Tarjeta.', '197282', 'Recibido.'),
(5, 8, '2026-09-09', 8000, 'Tarjeta.', '186238', 'En proceso.');

-- --------------------------------------------------------

--
-- Estructura de tabla para la tabla `reserva`
--

CREATE TABLE `reserva` (
  `id_reserva` int(11) NOT NULL,
  `id_cliente` int(11) NOT NULL,
  `id_habitacion` int(11) NOT NULL,
  `fecha_entrada` date NOT NULL,
  `fecha_salida` date NOT NULL,
  `num_huespedes` varchar(20) NOT NULL,
  `estado_reserva` varchar(100) NOT NULL,
  `fecha_creacion` date NOT NULL
) ENGINE=InnoDB DEFAULT CHARSET=utf8mb4 COLLATE=utf8mb4_general_ci;

--
-- Volcado de datos para la tabla `reserva`
--

INSERT INTO `reserva` (`id_reserva`, `id_cliente`, `id_habitacion`, `fecha_entrada`, `fecha_salida`, `num_huespedes`, `estado_reserva`, `fecha_creacion`) VALUES
(1, 2, 5, '2026-06-02', '2026-06-08', '2', 'Vigente', '2026-02-18'),
(2, 3, 5, '2026-06-02', '2026-06-08', '2', 'Vigente', '2026-02-18'),
(3, 5, 2, '2026-05-28', '2026-05-30', '1', 'Vigente', '2026-02-18'),
(4, 1, 2, '2026-07-17', '2026-07-20', '1', 'Vigente', '2026-02-18'),
(5, 4, 2, '2026-02-10', '2026-02-13', '2', 'Vencida', '2026-02-18'),
(6, 3, 1, '2026-05-13', '2026-05-16', '4', 'Cancelada', '2026-02-18'),
(7, 1, 1, '2026-06-11', '2026-06-13', '2', 'Vigente', '2026-02-18'),
(8, 5, 3, '2026-05-13', '2026-05-16', '2', 'Cancelada', '2026-02-18'),
(9, 2, 4, '2026-05-21', '2026-05-23', '2', 'Vigente', '2026-02-18'),
(10, 4, 1, '2026-05-13', '2026-05-23', '2', 'Vigente', '2026-02-18');

-- --------------------------------------------------------

--
-- Estructura de tabla para la tabla `reserva_servicio`
--

CREATE TABLE `reserva_servicio` (
  `id_reserva` int(11) NOT NULL,
  `id_servicio` int(11) NOT NULL,
  `cantidad` int(11) NOT NULL,
  `precio_unitario` double NOT NULL
) ENGINE=InnoDB DEFAULT CHARSET=utf8mb4 COLLATE=utf8mb4_general_ci;

--
-- Volcado de datos para la tabla `reserva_servicio`
--

INSERT INTO `reserva_servicio` (`id_reserva`, `id_servicio`, `cantidad`, `precio_unitario`) VALUES
(5, 5, 2, 1000),
(1, 4, 4, 1200),
(4, 1, 2, 600),
(8, 3, 4, 1000),
(2, 2, 3, 1200),
(7, 1, 1, 300),
(8, 1, 5, 1500),
(4, 3, 5, 1250),
(1, 2, 5, 2000),
(3, 5, 3, 1500);

-- --------------------------------------------------------

--
-- Estructura de tabla para la tabla `servicio`
--

CREATE TABLE `servicio` (
  `id_servicio` int(11) NOT NULL,
  `nombre` varchar(200) NOT NULL,
  `precio_base` double NOT NULL
) ENGINE=InnoDB DEFAULT CHARSET=utf8mb4 COLLATE=utf8mb4_general_ci;

--
-- Volcado de datos para la tabla `servicio`
--

INSERT INTO `servicio` (`id_servicio`, `nombre`, `precio_base`) VALUES
(1, 'Servicio a la habitación.', 300),
(2, 'Servicio de traslado', 450),
(3, 'Servicio de lavandería', 250),
(4, 'Servicio a la habitación', 300),
(5, 'Gimnasio.', 500);

--
-- Índices para tablas volcadas
--

--
-- Indices de la tabla `atencion`
--
ALTER TABLE `atencion`
  ADD PRIMARY KEY (`id_atencion`),
  ADD KEY `id_reserva` (`id_reserva`),
  ADD KEY `id_empleado` (`id_empleado`);

--
-- Indices de la tabla `cliente`
--
ALTER TABLE `cliente`
  ADD PRIMARY KEY (`id_cliente`),
  ADD UNIQUE KEY `email` (`email`);

--
-- Indices de la tabla `empleado`
--
ALTER TABLE `empleado`
  ADD PRIMARY KEY (`id_empleado`),
  ADD KEY `id_hotel` (`id_hotel`);

--
-- Indices de la tabla `habitación`
--
ALTER TABLE `habitación`
  ADD PRIMARY KEY (`id_habitacion`),
  ADD KEY `id_hotel` (`id_hotel`);

--
-- Indices de la tabla `hotel`
--
ALTER TABLE `hotel`
  ADD PRIMARY KEY (`id_hotel`);

--
-- Indices de la tabla `pago`
--
ALTER TABLE `pago`
  ADD PRIMARY KEY (`id_pago`),
  ADD KEY `id_reserva` (`id_reserva`);

--
-- Indices de la tabla `reserva`
--
ALTER TABLE `reserva`
  ADD PRIMARY KEY (`id_reserva`),
  ADD KEY `id_cliente` (`id_cliente`),
  ADD KEY `id_habitacion` (`id_habitacion`);

--
-- Indices de la tabla `reserva_servicio`
--
ALTER TABLE `reserva_servicio`
  ADD KEY `id_reserva` (`id_reserva`),
  ADD KEY `id_servicio` (`id_servicio`);

--
-- Indices de la tabla `servicio`
--
ALTER TABLE `servicio`
  ADD PRIMARY KEY (`id_servicio`);

--
-- AUTO_INCREMENT de las tablas volcadas
--

--
-- AUTO_INCREMENT de la tabla `atencion`
--
ALTER TABLE `atencion`
  MODIFY `id_atencion` int(11) NOT NULL AUTO_INCREMENT, AUTO_INCREMENT=6;

--
-- AUTO_INCREMENT de la tabla `cliente`
--
ALTER TABLE `cliente`
  MODIFY `id_cliente` int(11) NOT NULL AUTO_INCREMENT, AUTO_INCREMENT=6;

--
-- AUTO_INCREMENT de la tabla `empleado`
--
ALTER TABLE `empleado`
  MODIFY `id_empleado` int(11) NOT NULL AUTO_INCREMENT, AUTO_INCREMENT=6;

--
-- AUTO_INCREMENT de la tabla `habitación`
--
ALTER TABLE `habitación`
  MODIFY `id_habitacion` int(11) NOT NULL AUTO_INCREMENT, AUTO_INCREMENT=6;

--
-- AUTO_INCREMENT de la tabla `hotel`
--
ALTER TABLE `hotel`
  MODIFY `id_hotel` int(11) NOT NULL AUTO_INCREMENT, AUTO_INCREMENT=4;

--
-- AUTO_INCREMENT de la tabla `pago`
--
ALTER TABLE `pago`
  MODIFY `id_pago` int(11) NOT NULL AUTO_INCREMENT, AUTO_INCREMENT=6;

--
-- AUTO_INCREMENT de la tabla `reserva`
--
ALTER TABLE `reserva`
  MODIFY `id_reserva` int(11) NOT NULL AUTO_INCREMENT, AUTO_INCREMENT=11;

--
-- AUTO_INCREMENT de la tabla `servicio`
--
ALTER TABLE `servicio`
  MODIFY `id_servicio` int(11) NOT NULL AUTO_INCREMENT, AUTO_INCREMENT=6;

--
-- Restricciones para tablas volcadas
--

--
-- Filtros para la tabla `atencion`
--
ALTER TABLE `atencion`
  ADD CONSTRAINT `atencion_ibfk_1` FOREIGN KEY (`id_reserva`) REFERENCES `reserva` (`id_reserva`),
  ADD CONSTRAINT `atencion_ibfk_2` FOREIGN KEY (`id_empleado`) REFERENCES `empleado` (`id_empleado`);

--
-- Filtros para la tabla `empleado`
--
ALTER TABLE `empleado`
  ADD CONSTRAINT `empleado_ibfk_1` FOREIGN KEY (`id_hotel`) REFERENCES `hotel` (`id_hotel`);

--
-- Filtros para la tabla `habitación`
--
ALTER TABLE `habitación`
  ADD CONSTRAINT `habitación_ibfk_1` FOREIGN KEY (`id_hotel`) REFERENCES `hotel` (`id_hotel`);

--
-- Filtros para la tabla `pago`
--
ALTER TABLE `pago`
  ADD CONSTRAINT `pago_ibfk_1` FOREIGN KEY (`id_reserva`) REFERENCES `reserva` (`id_reserva`);

--
-- Filtros para la tabla `reserva`
--
ALTER TABLE `reserva`
  ADD CONSTRAINT `reserva_ibfk_1` FOREIGN KEY (`id_cliente`) REFERENCES `cliente` (`id_cliente`),
  ADD CONSTRAINT `reserva_ibfk_2` FOREIGN KEY (`id_habitacion`) REFERENCES `habitación` (`id_habitacion`);

--
-- Filtros para la tabla `reserva_servicio`
--
ALTER TABLE `reserva_servicio`
  ADD CONSTRAINT `reserva_servicio_ibfk_1` FOREIGN KEY (`id_reserva`) REFERENCES `reserva` (`id_reserva`),
  ADD CONSTRAINT `reserva_servicio_ibfk_2` FOREIGN KEY (`id_servicio`) REFERENCES `servicio` (`id_servicio`);
COMMIT;

/*!40101 SET CHARACTER_SET_CLIENT=@OLD_CHARACTER_SET_CLIENT */;
/*!40101 SET CHARACTER_SET_RESULTS=@OLD_CHARACTER_SET_RESULTS */;
/*!40101 SET COLLATION_CONNECTION=@OLD_COLLATION_CONNECTION */;
